{
  "IcoMoonType": "selection",
  "icons": [
    {
      "icon": {
        "paths": [
          "M783.104 239.957c-74.667-74.283-165.888-111.957-271.104-111.957-106.197 0-197.675 37.717-271.915 112-74.368 74.283-112.085 165.845-112.085 272 0 105.173 37.675 196.395 111.957 271.104 74.283 74.923 165.803 112.896 272.043 112.896 105.259 0 196.48-37.973 271.189-112.768 74.88-74.795 112.811-166.059 112.811-271.232 0-106.155-37.973-197.717-112.896-272.043zM722.859 722.901c-48.512 48.597-103.936 76.288-168.192 84.693v-210.261h85.333v-85.333h-85.333v-59.733c0-14.123 11.477-25.6 25.643-25.6h59.691v-85.333h-59.605c-31.659 0-58.069 11.648-79.232 35.072-21.163 23.339-31.829 51.84-31.829 85.675v49.92h-85.333v85.333h85.333v210.347c-64.939-8.32-120.576-36.053-168.832-84.651-58.667-59.051-87.168-128.085-87.168-211.029 0-83.883 28.459-153.088 87.125-211.627 58.453-58.581 127.659-87.040 211.541-87.040 82.987 0 151.979 28.501 210.987 87.168 59.008 58.539 87.68 127.744 87.68 211.499 0 82.816-28.715 151.851-87.808 210.901z"
        ],
        "attrs": [
          {}
        ],
        "isMulticolor": false,
        "isMulticolor2": false,
        "tags": [
          "social-facebook-circular"
        ],
        "grid": 24
      },
      "attrs": [
        {}
      ],
      "properties": {
        "order": 1,
        "id": 0,
        "prevSize": 24,
        "name": "social-facebook-circular"
      },
      "setIdx": 0,
      "setId": 2,
      "iconIdx": 0
    }
  ],
  "height": 1024,
  "preferences": {
    "showGlyphs": true,
    "showQuickUse": true,
    "showQuickUse2": true,
    "showSVGs": true,
    "fontPref": {
      "prefix": "icon-",
      "metadata": {
        "fontFamily": "icomoon"
      },
      "metrics": {
        "emSize": 1024,
        "baseline": 6.25,
        "whitespace": 50
      },
      "embed": false
    },
    "imagePref": {
      "prefix": "icon-",
      "png": true,
      "useClassSelector": true,
      "color": 0,
      "bgColor": 16777215,
      "classSelector": ".icon",
      "name": "icomoon"
    },
    "historySize": 50,
    "showCodes": true,
    "gridSize": 16
  }
}